property_url,mls,mls_id,status,text,style,street,unit,city,state,zip_code,beds,full_baths,half_baths,sqft,year_built,days_on_mls,list_price,list_date,sold_price,last_sold_date,lot_sqft,price_per_sqft,latitude,longitude,neighborhoods,county,fips_code,stories,hoa_fee,parking_garage,agent,broker,broker_phone,nearby_schools,primary_photo,alt_photos
https://www.realtor.com/realestateandhomes-detail/9681026880,SEWA,2323393,SOLD,"Embrace the enchanted Pacific Northwest lifestyle from this .86-acre sanctuary perched above the sparkling Salish Sea. Panoramic vistas sweep from twinkling city lights across Fidalgo Bay to majestic Mt. Baker and the San Juan Islands. Minutes from charming Old Town's galleries and cafs, the ferry terminal, and The Store's fresh-baked delights. Watch orca pods glide past while sailboats dance on sun-dappled waters - all from your elevated vantage in the Olympic rain shadow's perfect microclimate. Year-round outdoor adventures await, from whale watching to island hopping. Visionary developers: transform this prime parcel into 6 residences or 12 cottages (improvements required), or rent while crafting your dream home in this maritime haven.",SINGLE_FAMILY,505  38th St,,Anacortes,WA,98221,2,1,,3360,1940,25,785000,2025-01-17,785000,2025-02-11,37462,234,48.490989,-122.605544,Hillcrest,Skagit,53057,1,0,3,,,,"Northwest Educational Service District 189, Anacortes School District",http://ap.rdcpix.com/b9a0b64ae34b42d6909c8021fda34a4fl-m3694924383od-w480_h360_x2.webp?w=1080&q=75,"http://ap.rdcpix.com/b9a0b64ae34b42d6909c8021fda34a4fl-m3694924383od-w480_h360_x2.webp?w=1080&q=75, http://ap.rdcpix.com/b9a0b64ae34b42d6909c8021fda34a4fl-m4069377252od-w480_h360_x2.webp?w=1080&q=75, http://ap.rdcpix.com/b9a0b64ae34b42d6909c8021fda34a4fl-m3042333604od-w480_h360_x2.webp?w=1080&q=75, http://ap.rdcpix.com/b9a0b64ae34b42d6909c8021fda34a4fl-m4145979046od-w480_h360_x2.webp?w=1080&q=75, http://ap.rdcpix.com/b9a0b64ae34b42d6909c8021fda34a4fl-m1084586427od-w480_h360_x2.webp?w=1080&q=75, http://ap.rdcpix.com/b9a0b64ae34b42d6909c8021fda34a4fl-m3179546359od-w480_h360_x2.webp?w=1080&q=75, http://ap.rdcpix.com/b9a0b64ae34b42d6909c8021fda34a4fl-m3519253310od-w480_h360_x2.webp?w=1080&q=75, http://ap.rdcpix.com/b9a0b64ae34b42d6909c8021fda34a4fl-m234463212od-w480_h360_x2.webp?w=1080&q=75, http://ap.rdcpix.com/b9a0b64ae34b42d6909c8021fda34a4fl-m2456260579od-w480_h360_x2.webp?w=1080&q=75, http://ap.rdcpix.com/b9a0b64ae34b42d6909c8021fda34a4fl-m2989036263od-w480_h360_x2.webp?w=1080&q=75, http://ap.rdcpix.com/b9a0b64ae34b42d6909c8021fda34a4fl-m3683392571od-w480_h360_x2.webp?w=1080&q=75, http://ap.rdcpix.com/b9a0b64ae34b42d6909c8021fda34a4fl-m256857843od-w480_h360_x2.webp?w=1080&q=75, http://ap.rdcpix.com/b9a0b64ae34b42d6909c8021fda34a4fl-m1168910270od-w480_h360_x2.webp?w=1080&q=75, http://ap.rdcpix.com/b9a0b64ae34b42d6909c8021fda34a4fl-m3807450544od-w480_h360_x2.webp?w=1080&q=75, http://ap.rdcpix.com/b9a0b64ae34b42d6909c8021fda34a4fl-m214066748od-w480_h360_x2.webp?w=1080&q=75, http://ap.rdcpix.com/b9a0b64ae34b42d6909c8021fda34a4fl-m451407493od-w480_h360_x2.webp?w=1080&q=75, http://ap.rdcpix.com/b9a0b64ae34b42d6909c8021fda34a4fl-m2522062792od-w480_h360_x2.webp?w=1080&q=75, http://ap.rdcpix.com/b9a0b64ae34b42d6909c8021fda34a4fl-m3154794536od-w480_h360_x2.webp?w=1080&q=75, http://ap.rdcpix.com/b9a0b64ae34b42d6909c8021fda34a4fl-m2410159586od-w480_h360_x2.webp?w=1080&q=75, http://ap.rdcpix.com/b9a0b64ae34b42d6909c8021fda34a4fl-m3228064033od-w480_h360_x2.webp?w=1080&q=75, http://ap.rdcpix.com/b9a0b64ae34b42d6909c8021fda34a4fl-m3298440351od-w480_h360_x2.webp?w=1080&q=75, http://ap.rdcpix.com/b9a0b64ae34b42d6909c8021fda34a4fl-m674180801od-w480_h360_x2.webp?w=1080&q=75, http://ap.rdcpix.com/b9a0b64ae34b42d6909c8021fda34a4fl-m650786242od-w480_h360_x2.webp?w=1080&q=75, http://ap.rdcpix.com/b9a0b64ae34b42d6909c8021fda34a4fl-m4165175726od-w480_h360_x2.webp?w=1080&q=75, http://ap.rdcpix.com/b9a0b64ae34b42d6909c8021fda34a4fl-m2182695712od-w480_h360_x2.webp?w=1080&q=75, http://ap.rdcpix.com/b9a0b64ae34b42d6909c8021fda34a4fl-m322650642od-w480_h360_x2.webp?w=1080&q=75"
https://www.realtor.com/realestateandhomes-detail/1856486647,SEWA,2313725,SOLD,"Commuters dream in south Mount Vernon! This spacious 70s-era home offers over 2, 200 sq. ft. of living space on a large lot, just a minute from I-5. The main level features 3 bedrooms, including a primary with a bath, plus a full hall bath. A fully finished daylight basement boasts a massive family room, utility room with bath, and two versatile bonus roomsperfect for offices, hobbies, or guest quarters. With its layout, the basement could easily transform into a mother-in-law suite for multi-generational living. Unique wood ceilings and exposed beams add cozy charm, while rooftop and wraparound decks expand your entertaining options. Some paint and updates will make this gem truly shine. Priced to sell!",SINGLE_FAMILY,17014  Park Ave,,Mount Vernon,WA,98274,3,1,1,2222,1979,66,495000,2024-12-03,485000,2025-02-07,9148,218,48.399164,-122.322117,,Skagit,53057,1,0,,,,,Mount Vernon School District,http://ap.rdcpix.com/b14471681a0c7b6ebe048b0bd1018097l-m3514905086od-w480_h360_x2.webp?w=1080&q=75,"http://ap.rdcpix.com/b14471681a0c7b6ebe048b0bd1018097l-m3514905086od-w480_h360_x2.webp?w=1080&q=75, http://ap.rdcpix.com/b14471681a0c7b6ebe048b0bd1018097l-m159945022od-w480_h360_x2.webp?w=1080&q=75, http://ap.rdcpix.com/b14471681a0c7b6ebe048b0bd1018097l-m1499258610od-w480_h360_x2.webp?w=1080&q=75, http://ap.rdcpix.com/b14471681a0c7b6ebe048b0bd1018097l-m1796244888od-w480_h360_x2.webp?w=1080&q=75, http://ap.rdcpix.com/b14471681a0c7b6ebe048b0bd1018097l-m3893341545od-w480_h360_x2.webp?w=1080&q=75, http://ap.rdcpix.com/b14471681a0c7b6ebe048b0bd1018097l-m1422702623od-w480_h360_x2.webp?w=1080&q=75, http://ap.rdcpix.com/b14471681a0c7b6ebe048b0bd1018097l-m542463048od-w480_h360_x2.webp?w=1080&q=75, http://ap.rdcpix.com/b14471681a0c7b6ebe048b0bd1018097l-m2142554533od-w480_h360_x2.webp?w=1080&q=75, http://ap.rdcpix.com/b14471681a0c7b6ebe048b0bd1018097l-m2869848053od-w480_h360_x2.webp?w=1080&q=75, http://ap.rdcpix.com/b14471681a0c7b6ebe048b0bd1018097l-m2692357800od-w480_h360_x2.webp?w=1080&q=75, http://ap.rdcpix.com/b14471681a0c7b6ebe048b0bd1018097l-m4183763543od-w480_h360_x2.webp?w=1080&q=75, http://ap.rdcpix.com/b14471681a0c7b6ebe048b0bd1018097l-m123722098od-w480_h360_x2.webp?w=1080&q=75, http://ap.rdcpix.com/b14471681a0c7b6ebe048b0bd1018097l-m1908603375od-w480_h360_x2.webp?w=1080&q=75, http://ap.rdcpix.com/b14471681a0c7b6ebe048b0bd1018097l-m1908603375od-w480_h360_x2.webp?w=1080&q=75, http://ap.rdcpix.com/b14471681a0c7b6ebe048b0bd1018097l-m3371149337od-w480_h360_x2.webp?w=1080&q=75, http://ap.rdcpix.com/b14471681a0c7b6ebe048b0bd1018097l-m948400613od-w480_h360_x2.webp?w=1080&q=75, http://ap.rdcpix.com/b14471681a0c7b6ebe048b0bd1018097l-m1261789990od-w480_h360_x2.webp?w=1080&q=75, http://ap.rdcpix.com/b14471681a0c7b6ebe048b0bd1018097l-m1589013714od-w480_h360_x2.webp?w=1080&q=75, http://ap.rdcpix.com/b14471681a0c7b6ebe048b0bd1018097l-m1951044842od-w480_h360_x2.webp?w=1080&q=75, http://ap.rdcpix.com/b14471681a0c7b6ebe048b0bd1018097l-m1446219405od-w480_h360_x2.webp?w=1080&q=75, http://ap.rdcpix.com/b14471681a0c7b6ebe048b0bd1018097l-m3163384020od-w480_h360_x2.webp?w=1080&q=75, http://ap.rdcpix.com/b14471681a0c7b6ebe048b0bd1018097l-m1218574902od-w480_h360_x2.webp?w=1080&q=75, http://ap.rdcpix.com/b14471681a0c7b6ebe048b0bd1018097l-m3318488384od-w480_h360_x2.webp?w=1080&q=75, http://ap.rdcpix.com/b14471681a0c7b6ebe048b0bd1018097l-m179117818od-w480_h360_x2.webp?w=1080&q=75, http://ap.rdcpix.com/b14471681a0c7b6ebe048b0bd1018097l-m2849008846od-w480_h360_x2.webp?w=1080&q=75, http://ap.rdcpix.com/b14471681a0c7b6ebe048b0bd1018097l-m1206307226od-w480_h360_x2.webp?w=1080&q=75, http://ap.rdcpix.com/b14471681a0c7b6ebe048b0bd1018097l-m1949985643od-w480_h360_x2.webp?w=1080&q=75, http://ap.rdcpix.com/b14471681a0c7b6ebe048b0bd1018097l-m2742911408od-w480_h360_x2.webp?w=1080&q=75, http://ap.rdcpix.com/b14471681a0c7b6ebe048b0bd1018097l-m1449124894od-w480_h360_x2.webp?w=1080&q=75, http://ap.rdcpix.com/b14471681a0c7b6ebe048b0bd1018097l-m305858849od-w480_h360_x2.webp?w=1080&q=75, http://ap.rdcpix.com/b14471681a0c7b6ebe048b0bd1018097l-m841408067od-w480_h360_x2.webp?w=1080&q=75, http://ap.rdcpix.com/b14471681a0c7b6ebe048b0bd1018097l-m1904890606od-w480_h360_x2.webp?w=1080&q=75, http://ap.rdcpix.com/b14471681a0c7b6ebe048b0bd1018097l-m3829285913od-w480_h360_x2.webp?w=1080&q=75, http://ap.rdcpix.com/b14471681a0c7b6ebe048b0bd1018097l-m2602796812od-w480_h360_x2.webp?w=1080&q=75, http://ap.rdcpix.com/b14471681a0c7b6ebe048b0bd1018097l-m1766581084od-w480_h360_x2.webp?w=1080&q=75, http://ap.rdcpix.com/b14471681a0c7b6ebe048b0bd1018097l-m927297303od-w480_h360_x2.webp?w=1080&q=75, http://ap.rdcpix.com/b14471681a0c7b6ebe048b0bd1018097l-m4290646901od-w480_h360_x2.webp?w=1080&q=75"
https://www.realtor.com/realestateandhomes-detail/1529528566,SEWA,2255114,SOLD,"This beautifully remodeled custom-built home is in one of Mount Vernons most desirable cul-de-sacs! Gorgeous hardwood floors flow from the entry through the dining room, great room, & into the kitchen, where youll find granite countertops, a tile backsplash, & all-new SS appliances, including a beverage cooler. A large bay window brightens the eating area, which opens to a spacious deckperfect for entertaining. The utility room offers built-in storage, extensive cabinetry, counter space, & a convenient built-in desk, along w/a walk-in pantry nearby. Down the hallway, you'll discover ample storage cabinets, a 3/4 BA, and 3 spacious BDs. The primary BD features French doors leading to the deck, a five-piece bath, & a walk-in closet.",SINGLE_FAMILY,418 S 39th Pl,,Mount Vernon,WA,98274,3,1,1,2134,1994,172,835000,2024-08-23,810000,2025-02-11,13504,380,48.417511,-122.289696,Waugh Hill,Skagit,53057,1,21,3,,,,"Northwest Educational Service District 189, Mount Vernon School District",http://ap.rdcpix.com/faa07d83460e3841584012c05b793ebbl-m3720266555od-w480_h360_x2.webp?w=1080&q=75,"http://ap.rdcpix.com/faa07d83460e3841584012c05b793ebbl-m3720266555od-w480_h360_x2.webp?w=1080&q=75, http://ap.rdcpix.com/faa07d83460e3841584012c05b793ebbl-m3718907452od-w480_h360_x2.webp?w=1080&q=75, http://ap.rdcpix.com/faa07d83460e3841584012c05b793ebbl-m127901973od-w480_h360_x2.webp?w=1080&q=75, http://ap.rdcpix.com/faa07d83460e3841584012c05b793ebbl-m2638627200od-w480_h360_x2.webp?w=1080&q=75, http://ap.rdcpix.com/faa07d83460e3841584012c05b793ebbl-m2616926768od-w480_h360_x2.webp?w=1080&q=75, http://ap.rdcpix.com/faa07d83460e3841584012c05b793ebbl-m2544718195od-w480_h360_x2.webp?w=1080&q=75, http://ap.rdcpix.com/faa07d83460e3841584012c05b793ebbl-m4057129173od-w480_h360_x2.webp?w=1080&q=75, http://ap.rdcpix.com/faa07d83460e3841584012c05b793ebbl-m3358343168od-w480_h360_x2.webp?w=1080&q=75, http://ap.rdcpix.com/faa07d83460e3841584012c05b793ebbl-m1386169266od-w480_h360_x2.webp?w=1080&q=75, http://ap.rdcpix.com/faa07d83460e3841584012c05b793ebbl-m1039168213od-w480_h360_x2.webp?w=1080&q=75, http://ap.rdcpix.com/faa07d83460e3841584012c05b793ebbl-m3529181884od-w480_h360_x2.webp?w=1080&q=75, http://ap.rdcpix.com/faa07d83460e3841584012c05b793ebbl-m1898265386od-w480_h360_x2.webp?w=1080&q=75, http://ap.rdcpix.com/faa07d83460e3841584012c05b793ebbl-m723203218od-w480_h360_x2.webp?w=1080&q=75, http://ap.rdcpix.com/faa07d83460e3841584012c05b793ebbl-m103378695od-w480_h360_x2.webp?w=1080&q=75, http://ap.rdcpix.com/faa07d83460e3841584012c05b793ebbl-m2713268683od-w480_h360_x2.webp?w=1080&q=75, http://ap.rdcpix.com/faa07d83460e3841584012c05b793ebbl-m1024717317od-w480_h360_x2.webp?w=1080&q=75, http://ap.rdcpix.com/faa07d83460e3841584012c05b793ebbl-m3564671449od-w480_h360_x2.webp?w=1080&q=75, http://ap.rdcpix.com/faa07d83460e3841584012c05b793ebbl-m2802314129od-w480_h360_x2.webp?w=1080&q=75, http://ap.rdcpix.com/faa07d83460e3841584012c05b793ebbl-m2144068340od-w480_h360_x2.webp?w=1080&q=75, http://ap.rdcpix.com/faa07d83460e3841584012c05b793ebbl-m1764716883od-w480_h360_x2.webp?w=1080&q=75, http://ap.rdcpix.com/faa07d83460e3841584012c05b793ebbl-m4016380008od-w480_h360_x2.webp?w=1080&q=75, http://ap.rdcpix.com/faa07d83460e3841584012c05b793ebbl-m541860327od-w480_h360_x2.webp?w=1080&q=75, http://ap.rdcpix.com/faa07d83460e3841584012c05b793ebbl-m2827983247od-w480_h360_x2.webp?w=1080&q=75, http://ap.rdcpix.com/faa07d83460e3841584012c05b793ebbl-m2605550956od-w480_h360_x2.webp?w=1080&q=75, http://ap.rdcpix.com/faa07d83460e3841584012c05b793ebbl-m2516741992od-w480_h360_x2.webp?w=1080&q=75, http://ap.rdcpix.com/faa07d83460e3841584012c05b793ebbl-m1953129570od-w480_h360_x2.webp?w=1080&q=75, http://ap.rdcpix.com/faa07d83460e3841584012c05b793ebbl-m4148319659od-w480_h360_x2.webp?w=1080&q=75, http://ap.rdcpix.com/faa07d83460e3841584012c05b793ebbl-m4262393778od-w480_h360_x2.webp?w=1080&q=75, http://ap.rdcpix.com/faa07d83460e3841584012c05b793ebbl-m1045085273od-w480_h360_x2.webp?w=1080&q=75, http://ap.rdcpix.com/faa07d83460e3841584012c05b793ebbl-m1342841222od-w480_h360_x2.webp?w=1080&q=75, http://ap.rdcpix.com/faa07d83460e3841584012c05b793ebbl-m3632836004od-w480_h360_x2.webp?w=1080&q=75, http://ap.rdcpix.com/faa07d83460e3841584012c05b793ebbl-m4069815703od-w480_h360_x2.webp?w=1080&q=75, http://ap.rdcpix.com/faa07d83460e3841584012c05b793ebbl-m1945408404od-w480_h360_x2.webp?w=1080&q=75, http://ap.rdcpix.com/faa07d83460e3841584012c05b793ebbl-m3149592709od-w480_h360_x2.webp?w=1080&q=75, http://ap.rdcpix.com/faa07d83460e3841584012c05b793ebbl-m2132813294od-w480_h360_x2.webp?w=1080&q=75, http://ap.rdcpix.com/faa07d83460e3841584012c05b793ebbl-m308625286od-w480_h360_x2.webp?w=1080&q=75"
https://www.realtor.com/realestateandhomes-detail/2871254982,SEWA,2313383,SOLD,"Eaglemont Community. Gorgeous low maintenance Single Story living at its finest. This highly sought after condo offers 1760 sq.ft, 2 bedroom& den with built in desk & cabinets. Features an open floor plan with Vaulted ceilings, stainless appliance, granite counter, large primary bedroom with 5 pc bath, jetted tub, walk-in closet. Second primary bedroom w/lg closet and private bath. Gas fireplace, plenty of natural light, 2 car garage. Expansive deck to enjoy privacy and nature with manicured landscaping providing lush greenery backing to protected area. Close to all amenities, shopping, transportation, medical, with easy access to 1-5. Make this your special home!",CONDOS,1400  Eagle Ridge Dr,Unit 7,Mount Vernon,WA,98274,2,2,1,1761,2003,69,639000,2024-11-30,639000,2025-02-07,,363,48.411885,-122.286709,Waugh Hill,Skagit,53057,1,335,2,,,,Mount Vernon School District,http://ap.rdcpix.com/92704cf0e5d78b2dd2d932b314e66691l-m3359971456od-w480_h360_x2.webp?w=1080&q=75,"http://ap.rdcpix.com/92704cf0e5d78b2dd2d932b314e66691l-m3359971456od-w480_h360_x2.webp?w=1080&q=75, http://ap.rdcpix.com/92704cf0e5d78b2dd2d932b314e66691l-m1398746140od-w480_h360_x2.webp?w=1080&q=75, http://ap.rdcpix.com/92704cf0e5d78b2dd2d932b314e66691l-m1700422288od-w480_h360_x2.webp?w=1080&q=75, http://ap.rdcpix.com/92704cf0e5d78b2dd2d932b314e66691l-m4224182601od-w480_h360_x2.webp?w=1080&q=75, http://ap.rdcpix.com/92704cf0e5d78b2dd2d932b314e66691l-m3189980423od-w480_h360_x2.webp?w=1080&q=75, http://ap.rdcpix.com/92704cf0e5d78b2dd2d932b314e66691l-m4294214297od-w480_h360_x2.webp?w=1080&q=75, http://ap.rdcpix.com/92704cf0e5d78b2dd2d932b314e66691l-m1333352452od-w480_h360_x2.webp?w=1080&q=75, http://ap.rdcpix.com/92704cf0e5d78b2dd2d932b314e66691l-m4211745799od-w480_h360_x2.webp?w=1080&q=75, http://ap.rdcpix.com/92704cf0e5d78b2dd2d932b314e66691l-m3179429267od-w480_h360_x2.webp?w=1080&q=75, http://ap.rdcpix.com/92704cf0e5d78b2dd2d932b314e66691l-m4241125255od-w480_h360_x2.webp?w=1080&q=75, http://ap.rdcpix.com/92704cf0e5d78b2dd2d932b314e66691l-m1577980238od-w480_h360_x2.webp?w=1080&q=75, http://ap.rdcpix.com/92704cf0e5d78b2dd2d932b314e66691l-m1706431574od-w480_h360_x2.webp?w=1080&q=75, http://ap.rdcpix.com/92704cf0e5d78b2dd2d932b314e66691l-m478402020od-w480_h360_x2.webp?w=1080&q=75, http://ap.rdcpix.com/92704cf0e5d78b2dd2d932b314e66691l-m1314217064od-w480_h360_x2.webp?w=1080&q=75, http://ap.rdcpix.com/92704cf0e5d78b2dd2d932b314e66691l-m4248145166od-w480_h360_x2.webp?w=1080&q=75, http://ap.rdcpix.com/92704cf0e5d78b2dd2d932b314e66691l-m2390182144od-w480_h360_x2.webp?w=1080&q=75, http://ap.rdcpix.com/92704cf0e5d78b2dd2d932b314e66691l-m4023438776od-w480_h360_x2.webp?w=1080&q=75, http://ap.rdcpix.com/92704cf0e5d78b2dd2d932b314e66691l-m4051456811od-w480_h360_x2.webp?w=1080&q=75, http://ap.rdcpix.com/92704cf0e5d78b2dd2d932b314e66691l-m513073142od-w480_h360_x2.webp?w=1080&q=75, http://ap.rdcpix.com/92704cf0e5d78b2dd2d932b314e66691l-m3550800079od-w480_h360_x2.webp?w=1080&q=75, http://ap.rdcpix.com/92704cf0e5d78b2dd2d932b314e66691l-m693239439od-w480_h360_x2.webp?w=1080&q=75, http://ap.rdcpix.com/92704cf0e5d78b2dd2d932b314e66691l-m3331452765od-w480_h360_x2.webp?w=1080&q=75"
https://www.realtor.com/realestateandhomes-detail/1881264647,SEWA,2310805,SOLD,"Live ginormous in this mid century modern delight! With over 3k sq ft there is no limit to what you can do. This home does not live like a split but feels more like a 2 story with a primary & kitchen on both levels! 5 bedrooms total with an office, 3 different bathrooms, 2 fireplaces all on huge lot to match. You can park 3 RVs in the drive but also get a 2 car garage, & fully fenced backyard. Upstairs has a living room centered around the fireplace & picture windows where you can see a peek a boo of the islands w/out leaving your couch! Kitchen has new quartz counters & primary has new patio doors. Downstairs you'll find a great room w/kitchenette, 2nd fireplace, bath, & 2nd primary w/walk in closet. This one has tons of storage to boot!",SINGLE_FAMILY,2415  Cindy Pl,,Mount Vernon,WA,98273,5,1,,3288,1977,84,669900,2024-11-15,669900,2025-02-07,9148,204,48.44452,-122.310201,Centennial Ridge,Skagit,53057,2,0,2,,,,"Northwest Educational Service District 189, Mount Vernon School District",http://ap.rdcpix.com/1d49a524bf21b38f616e72a4bef32c5el-m2640467304od-w480_h360_x2.webp?w=1080&q=75,"http://ap.rdcpix.com/1d49a524bf21b38f616e72a4bef32c5el-m2640467304od-w480_h360_x2.webp?w=1080&q=75, http://ap.rdcpix.com/1d49a524bf21b38f616e72a4bef32c5el-m487371794od-w480_h360_x2.webp?w=1080&q=75, http://ap.rdcpix.com/1d49a524bf21b38f616e72a4bef32c5el-m840107961od-w480_h360_x2.webp?w=1080&q=75, http://ap.rdcpix.com/1d49a524bf21b38f616e72a4bef32c5el-m79705890od-w480_h360_x2.webp?w=1080&q=75, http://ap.rdcpix.com/1d49a524bf21b38f616e72a4bef32c5el-m2246838438od-w480_h360_x2.webp?w=1080&q=75, http://ap.rdcpix.com/1d49a524bf21b38f616e72a4bef32c5el-m3538738028od-w480_h360_x2.webp?w=1080&q=75, http://ap.rdcpix.com/1d49a524bf21b38f616e72a4bef32c5el-m3117690982od-w480_h360_x2.webp?w=1080&q=75, http://ap.rdcpix.com/1d49a524bf21b38f616e72a4bef32c5el-m3659409117od-w480_h360_x2.webp?w=1080&q=75, http://ap.rdcpix.com/1d49a524bf21b38f616e72a4bef32c5el-m1050498701od-w480_h360_x2.webp?w=1080&q=75, http://ap.rdcpix.com/1d49a524bf21b38f616e72a4bef32c5el-m1487022273od-w480_h360_x2.webp?w=1080&q=75, http://ap.rdcpix.com/1d49a524bf21b38f616e72a4bef32c5el-m289127306od-w480_h360_x2.webp?w=1080&q=75, http://ap.rdcpix.com/1d49a524bf21b38f616e72a4bef32c5el-m2551710871od-w480_h360_x2.webp?w=1080&q=75, http://ap.rdcpix.com/1d49a524bf21b38f616e72a4bef32c5el-m1728384952od-w480_h360_x2.webp?w=1080&q=75, http://ap.rdcpix.com/1d49a524bf21b38f616e72a4bef32c5el-m41759105od-w480_h360_x2.webp?w=1080&q=75, http://ap.rdcpix.com/1d49a524bf21b38f616e72a4bef32c5el-m3970312489od-w480_h360_x2.webp?w=1080&q=75, http://ap.rdcpix.com/1d49a524bf21b38f616e72a4bef32c5el-m577302549od-w480_h360_x2.webp?w=1080&q=75, http://ap.rdcpix.com/1d49a524bf21b38f616e72a4bef32c5el-m1393615687od-w480_h360_x2.webp?w=1080&q=75, http://ap.rdcpix.com/1d49a524bf21b38f616e72a4bef32c5el-m3144699316od-w480_h360_x2.webp?w=1080&q=75, http://ap.rdcpix.com/1d49a524bf21b38f616e72a4bef32c5el-m1286642892od-w480_h360_x2.webp?w=1080&q=75, http://ap.rdcpix.com/1d49a524bf21b38f616e72a4bef32c5el-m2686792291od-w480_h360_x2.webp?w=1080&q=75, http://ap.rdcpix.com/1d49a524bf21b38f616e72a4bef32c5el-m2622235803od-w480_h360_x2.webp?w=1080&q=75, http://ap.rdcpix.com/1d49a524bf21b38f616e72a4bef32c5el-m1697765801od-w480_h360_x2.webp?w=1080&q=75, http://ap.rdcpix.com/1d49a524bf21b38f616e72a4bef32c5el-m2314769698od-w480_h360_x2.webp?w=1080&q=75, http://ap.rdcpix.com/1d49a524bf21b38f616e72a4bef32c5el-m1980029515od-w480_h360_x2.webp?w=1080&q=75, http://ap.rdcpix.com/1d49a524bf21b38f616e72a4bef32c5el-m3414722741od-w480_h360_x2.webp?w=1080&q=75, http://ap.rdcpix.com/1d49a524bf21b38f616e72a4bef32c5el-m2691790014od-w480_h360_x2.webp?w=1080&q=75, http://ap.rdcpix.com/1d49a524bf21b38f616e72a4bef32c5el-m1052742417od-w480_h360_x2.webp?w=1080&q=75, http://ap.rdcpix.com/1d49a524bf21b38f616e72a4bef32c5el-m1371026805od-w480_h360_x2.webp?w=1080&q=75, http://ap.rdcpix.com/1d49a524bf21b38f616e72a4bef32c5el-m701195827od-w480_h360_x2.webp?w=1080&q=75, http://ap.rdcpix.com/1d49a524bf21b38f616e72a4bef32c5el-m3932290480od-w480_h360_x2.webp?w=1080&q=75, http://ap.rdcpix.com/1d49a524bf21b38f616e72a4bef32c5el-m3070483981od-w480_h360_x2.webp?w=1080&q=75, http://ap.rdcpix.com/1d49a524bf21b38f616e72a4bef32c5el-m3030774650od-w480_h360_x2.webp?w=1080&q=75, http://ap.rdcpix.com/1d49a524bf21b38f616e72a4bef32c5el-m2594093888od-w480_h360_x2.webp?w=1080&q=75, http://ap.rdcpix.com/1d49a524bf21b38f616e72a4bef32c5el-m560333246od-w480_h360_x2.webp?w=1080&q=75, http://ap.rdcpix.com/1d49a524bf21b38f616e72a4bef32c5el-m2388548298od-w480_h360_x2.webp?w=1080&q=75, http://ap.rdcpix.com/1d49a524bf21b38f616e72a4bef32c5el-m3158534043od-w480_h360_x2.webp?w=1080&q=75, http://ap.rdcpix.com/1d49a524bf21b38f616e72a4bef32c5el-m3080674661od-w480_h360_x2.webp?w=1080&q=75, http://ap.rdcpix.com/1d49a524bf21b38f616e72a4bef32c5el-m145539685od-w480_h360_x2.webp?w=1080&q=75, http://ap.rdcpix.com/1d49a524bf21b38f616e72a4bef32c5el-m1961982777od-w480_h360_x2.webp?w=1080&q=75, http://ap.rdcpix.com/1d49a524bf21b38f616e72a4bef32c5el-m439829395od-w480_h360_x2.webp?w=1080&q=75"
https://www.realtor.com/realestateandhomes-detail/1171072721,SEWA,2320346,SOLD,"Outstanding mini farm in the Alger area! This 7 acre property has everything you need to satisfy the animal lover in you! The home has been updated and offers 2 bedrooms and 2 bathrooms on the main floor, and a finished attic for the 3rd bedroom and 3/4 bath. The barn has 6 stalls w mud free runs, there's all weather, mud free round pen footing, hayloft, tack room along with another 3/4 bathroom, laundry and office space, all on it's own septic system. You'll love the 36'x32' shop with 24'x'32 lean-to and 2 other big metal carports. Plus there's 2 full RV hook ups for guests! All this is powered by 66 solar panels virtually eliminating electric bills! Hurry on the one of kind property that is fenced and cross fenced and ready for you!",SINGLE_FAMILY,1996  Friday Creek Rd,,Burlington,WA,98233,3,1,1,2090,1920,35,925000,2025-01-07,915000,2025-02-11,308405,438,48.615983,-122.341675,,Skagit,53057,2,0,5,,,,Burlington-Edison School District,http://ap.rdcpix.com/0d12ed26dfff2051109aa9a42c430c42l-m3636969497od-w480_h360_x2.webp?w=1080&q=75,"http://ap.rdcpix.com/0d12ed26dfff2051109aa9a42c430c42l-m3636969497od-w480_h360_x2.webp?w=1080&q=75, http://ap.rdcpix.com/0d12ed26dfff2051109aa9a42c430c42l-m1763388126od-w480_h360_x2.webp?w=1080&q=75, http://ap.rdcpix.com/0d12ed26dfff2051109aa9a42c430c42l-m3240284252od-w480_h360_x2.webp?w=1080&q=75, http://ap.rdcpix.com/0d12ed26dfff2051109aa9a42c430c42l-m2149973518od-w480_h360_x2.webp?w=1080&q=75, http://ap.rdcpix.com/0d12ed26dfff2051109aa9a42c430c42l-m817843545od-w480_h360_x2.webp?w=1080&q=75, http://ap.rdcpix.com/0d12ed26dfff2051109aa9a42c430c42l-m483800350od-w480_h360_x2.webp?w=1080&q=75, http://ap.rdcpix.com/0d12ed26dfff2051109aa9a42c430c42l-m1758309856od-w480_h360_x2.webp?w=1080&q=75, http://ap.rdcpix.com/0d12ed26dfff2051109aa9a42c430c42l-m2419993601od-w480_h360_x2.webp?w=1080&q=75, http://ap.rdcpix.com/0d12ed26dfff2051109aa9a42c430c42l-m313418428od-w480_h360_x2.webp?w=1080&q=75, http://ap.rdcpix.com/0d12ed26dfff2051109aa9a42c430c42l-m3160261060od-w480_h360_x2.webp?w=1080&q=75, http://ap.rdcpix.com/0d12ed26dfff2051109aa9a42c430c42l-m2331123742od-w480_h360_x2.webp?w=1080&q=75, http://ap.rdcpix.com/0d12ed26dfff2051109aa9a42c430c42l-m3979327720od-w480_h360_x2.webp?w=1080&q=75, http://ap.rdcpix.com/0d12ed26dfff2051109aa9a42c430c42l-m626872992od-w480_h360_x2.webp?w=1080&q=75, http://ap.rdcpix.com/0d12ed26dfff2051109aa9a42c430c42l-m3057840467od-w480_h360_x2.webp?w=1080&q=75, http://ap.rdcpix.com/0d12ed26dfff2051109aa9a42c430c42l-m2147413554od-w480_h360_x2.webp?w=1080&q=75, http://ap.rdcpix.com/0d12ed26dfff2051109aa9a42c430c42l-m115236100od-w480_h360_x2.webp?w=1080&q=75, http://ap.rdcpix.com/0d12ed26dfff2051109aa9a42c430c42l-m2461137423od-w480_h360_x2.webp?w=1080&q=75, http://ap.rdcpix.com/0d12ed26dfff2051109aa9a42c430c42l-m704682019od-w480_h360_x2.webp?w=1080&q=75, http://ap.rdcpix.com/0d12ed26dfff2051109aa9a42c430c42l-m1330281255od-w480_h360_x2.webp?w=1080&q=75, http://ap.rdcpix.com/0d12ed26dfff2051109aa9a42c430c42l-m412274703od-w480_h360_x2.webp?w=1080&q=75, http://ap.rdcpix.com/0d12ed26dfff2051109aa9a42c430c42l-m3190348184od-w480_h360_x2.webp?w=1080&q=75, http://ap.rdcpix.com/0d12ed26dfff2051109aa9a42c430c42l-m3790215062od-w480_h360_x2.webp?w=1080&q=75, http://ap.rdcpix.com/0d12ed26dfff2051109aa9a42c430c42l-m251389963od-w480_h360_x2.webp?w=1080&q=75, http://ap.rdcpix.com/0d12ed26dfff2051109aa9a42c430c42l-m2666834421od-w480_h360_x2.webp?w=1080&q=75, http://ap.rdcpix.com/0d12ed26dfff2051109aa9a42c430c42l-m967342607od-w480_h360_x2.webp?w=1080&q=75, http://ap.rdcpix.com/0d12ed26dfff2051109aa9a42c430c42l-m3155943807od-w480_h360_x2.webp?w=1080&q=75, http://ap.rdcpix.com/0d12ed26dfff2051109aa9a42c430c42l-m3773165709od-w480_h360_x2.webp?w=1080&q=75, http://ap.rdcpix.com/0d12ed26dfff2051109aa9a42c430c42l-m266841233od-w480_h360_x2.webp?w=1080&q=75, http://ap.rdcpix.com/0d12ed26dfff2051109aa9a42c430c42l-m2190422524od-w480_h360_x2.webp?w=1080&q=75, http://ap.rdcpix.com/0d12ed26dfff2051109aa9a42c430c42l-m4193311119od-w480_h360_x2.webp?w=1080&q=75, http://ap.rdcpix.com/0d12ed26dfff2051109aa9a42c430c42l-m3880067325od-w480_h360_x2.webp?w=1080&q=75, http://ap.rdcpix.com/0d12ed26dfff2051109aa9a42c430c42l-m1796287705od-w480_h360_x2.webp?w=1080&q=75, http://ap.rdcpix.com/0d12ed26dfff2051109aa9a42c430c42l-m4030554697od-w480_h360_x2.webp?w=1080&q=75, http://ap.rdcpix.com/0d12ed26dfff2051109aa9a42c430c42l-m790281346od-w480_h360_x2.webp?w=1080&q=75, http://ap.rdcpix.com/0d12ed26dfff2051109aa9a42c430c42l-m1880196694od-w480_h360_x2.webp?w=1080&q=75, http://ap.rdcpix.com/0d12ed26dfff2051109aa9a42c430c42l-m4015850583od-w480_h360_x2.webp?w=1080&q=75, http://ap.rdcpix.com/0d12ed26dfff2051109aa9a42c430c42l-m1887022893od-w480_h360_x2.webp?w=1080&q=75"
https://www.realtor.com/realestateandhomes-detail/1442941561,SEWA,2285587,SOLD,"Come enjoy all the peace and quiet of the 55+ Carriage Estates park. Large kitchen opens up to dining and living room. The primary bedroom has a bathroom attached with a large soaking tub and walk-in closet. The long drive way provides plenty of room to park as well as a carport. With 3 storage sheds and a ramp, this home is set up for all your future needs. Come look at the amazing landscaping and enjoy the backyard. Beautiful Senior Park community. Security Gate. Separate park area and clubhouse. RV Parking and Additional storage units available.",MOBILE,882  Carriage Ct,,Sedro Woolley,WA,98284,3,1,,1620,2009,163,235000,2024-09-02,215000,2025-02-12,5227,133,48.515934,-122.215217,Sedro - Woolley,Skagit,53057,1,0,,,,,Sedro-Woolley School District,http://ap.rdcpix.com/26f09f4df239443d386dbe21eb140413l-m2893385403od-w480_h360_x2.webp?w=1080&q=75,"http://ap.rdcpix.com/26f09f4df239443d386dbe21eb140413l-m2893385403od-w480_h360_x2.webp?w=1080&q=75, http://ap.rdcpix.com/26f09f4df239443d386dbe21eb140413l-m3321291559od-w480_h360_x2.webp?w=1080&q=75, http://ap.rdcpix.com/26f09f4df239443d386dbe21eb140413l-m207261228od-w480_h360_x2.webp?w=1080&q=75, http://ap.rdcpix.com/26f09f4df239443d386dbe21eb140413l-m3469243677od-w480_h360_x2.webp?w=1080&q=75, http://ap.rdcpix.com/26f09f4df239443d386dbe21eb140413l-m2973787463od-w480_h360_x2.webp?w=1080&q=75, http://ap.rdcpix.com/26f09f4df239443d386dbe21eb140413l-m745957695od-w480_h360_x2.webp?w=1080&q=75, http://ap.rdcpix.com/26f09f4df239443d386dbe21eb140413l-m1000703875od-w480_h360_x2.webp?w=1080&q=75, http://ap.rdcpix.com/26f09f4df239443d386dbe21eb140413l-m1918208855od-w480_h360_x2.webp?w=1080&q=75, http://ap.rdcpix.com/26f09f4df239443d386dbe21eb140413l-m2884869300od-w480_h360_x2.webp?w=1080&q=75, http://ap.rdcpix.com/26f09f4df239443d386dbe21eb140413l-m1938347669od-w480_h360_x2.webp?w=1080&q=75, http://ap.rdcpix.com/26f09f4df239443d386dbe21eb140413l-m575857510od-w480_h360_x2.webp?w=1080&q=75, http://ap.rdcpix.com/26f09f4df239443d386dbe21eb140413l-m2647992041od-w480_h360_x2.webp?w=1080&q=75, http://ap.rdcpix.com/26f09f4df239443d386dbe21eb140413l-m1203683516od-w480_h360_x2.webp?w=1080&q=75, http://ap.rdcpix.com/26f09f4df239443d386dbe21eb140413l-m4034597285od-w480_h360_x2.webp?w=1080&q=75, http://ap.rdcpix.com/26f09f4df239443d386dbe21eb140413l-m2378122582od-w480_h360_x2.webp?w=1080&q=75, http://ap.rdcpix.com/26f09f4df239443d386dbe21eb140413l-m3587508920od-w480_h360_x2.webp?w=1080&q=75, http://ap.rdcpix.com/26f09f4df239443d386dbe21eb140413l-m984524889od-w480_h360_x2.webp?w=1080&q=75, http://ap.rdcpix.com/26f09f4df239443d386dbe21eb140413l-m3582565813od-w480_h360_x2.webp?w=1080&q=75, http://ap.rdcpix.com/26f09f4df239443d386dbe21eb140413l-m436144570od-w480_h360_x2.webp?w=1080&q=75, http://ap.rdcpix.com/26f09f4df239443d386dbe21eb140413l-m3342466298od-w480_h360_x2.webp?w=1080&q=75, http://ap.rdcpix.com/26f09f4df239443d386dbe21eb140413l-m1234555973od-w480_h360_x2.webp?w=1080&q=75, http://ap.rdcpix.com/26f09f4df239443d386dbe21eb140413l-m2977032898od-w480_h360_x2.webp?w=1080&q=75, http://ap.rdcpix.com/26f09f4df239443d386dbe21eb140413l-m1443175454od-w480_h360_x2.webp?w=1080&q=75, http://ap.rdcpix.com/26f09f4df239443d386dbe21eb140413l-m2685200700od-w480_h360_x2.webp?w=1080&q=75, http://ap.rdcpix.com/26f09f4df239443d386dbe21eb140413l-m3967334803od-w480_h360_x2.webp?w=1080&q=75, http://ap.rdcpix.com/26f09f4df239443d386dbe21eb140413l-m1090503707od-w480_h360_x2.webp?w=1080&q=75"
https://www.realtor.com/realestateandhomes-detail/9717807666,SEWA,2307081,SOLD,"Your peaceful sanctuary awaits! Better than new, this 4 bedroom Birdsview rambler boasts over $50k in upgrades including; An expanded backyard perfect for entertaining, upgraded kitchen appliances, motorized blinds, New Lopi freestanding gas stove, Three wall mounted TV's w/ sound bars, large fireproof safe and more! Open concept living and an enormous kitchen with granite counters and LVP flooring throughout. Huge primary bedroom with walk in closet & en-suite bath perfect for a relaxing soak! 3 car garage & RV parking. Located in a quiet gated community adjacent to Rasar State Park, you'll love exploring the extensive walking trails and gorgeous Mountain and Skagit River landscape that surrounds this wonderful home! Video tour available!",SINGLE_FAMILY,8603  Timberland Ct,,Concrete,WA,98237,4,2,,2244,2023,102,695000,2024-10-31,685000,2025-02-10,43560,305,48.521049,-121.900926,,Skagit,53057,1,0,3,,,,Concrete School District,http://ap.rdcpix.com/e81d6aeecba2ae5e70befaf1da356fecl-m3003332435od-w480_h360_x2.webp?w=1080&q=75,"http://ap.rdcpix.com/e81d6aeecba2ae5e70befaf1da356fecl-m3003332435od-w480_h360_x2.webp?w=1080&q=75, http://ap.rdcpix.com/e81d6aeecba2ae5e70befaf1da356fecl-m3811647392od-w480_h360_x2.webp?w=1080&q=75, http://ap.rdcpix.com/e81d6aeecba2ae5e70befaf1da356fecl-m97339803od-w480_h360_x2.webp?w=1080&q=75, http://ap.rdcpix.com/e81d6aeecba2ae5e70befaf1da356fecl-m336034068od-w480_h360_x2.webp?w=1080&q=75, http://ap.rdcpix.com/e81d6aeecba2ae5e70befaf1da356fecl-m3594024795od-w480_h360_x2.webp?w=1080&q=75, http://ap.rdcpix.com/e81d6aeecba2ae5e70befaf1da356fecl-m2409954973od-w480_h360_x2.webp?w=1080&q=75, http://ap.rdcpix.com/e81d6aeecba2ae5e70befaf1da356fecl-m801031086od-w480_h360_x2.webp?w=1080&q=75, http://ap.rdcpix.com/e81d6aeecba2ae5e70befaf1da356fecl-m2995869771od-w480_h360_x2.webp?w=1080&q=75, http://ap.rdcpix.com/e81d6aeecba2ae5e70befaf1da356fecl-m1464127078od-w480_h360_x2.webp?w=1080&q=75, http://ap.rdcpix.com/e81d6aeecba2ae5e70befaf1da356fecl-m2350657215od-w480_h360_x2.webp?w=1080&q=75, http://ap.rdcpix.com/e81d6aeecba2ae5e70befaf1da356fecl-m4167603865od-w480_h360_x2.webp?w=1080&q=75, http://ap.rdcpix.com/e81d6aeecba2ae5e70befaf1da356fecl-m3970878848od-w480_h360_x2.webp?w=1080&q=75, http://ap.rdcpix.com/e81d6aeecba2ae5e70befaf1da356fecl-m2407391288od-w480_h360_x2.webp?w=1080&q=75, http://ap.rdcpix.com/e81d6aeecba2ae5e70befaf1da356fecl-m1124668689od-w480_h360_x2.webp?w=1080&q=75, http://ap.rdcpix.com/e81d6aeecba2ae5e70befaf1da356fecl-m386346617od-w480_h360_x2.webp?w=1080&q=75, http://ap.rdcpix.com/e81d6aeecba2ae5e70befaf1da356fecl-m427118348od-w480_h360_x2.webp?w=1080&q=75, http://ap.rdcpix.com/e81d6aeecba2ae5e70befaf1da356fecl-m788963374od-w480_h360_x2.webp?w=1080&q=75, http://ap.rdcpix.com/e81d6aeecba2ae5e70befaf1da356fecl-m3729593012od-w480_h360_x2.webp?w=1080&q=75, http://ap.rdcpix.com/e81d6aeecba2ae5e70befaf1da356fecl-m595345690od-w480_h360_x2.webp?w=1080&q=75, http://ap.rdcpix.com/e81d6aeecba2ae5e70befaf1da356fecl-m3893195709od-w480_h360_x2.webp?w=1080&q=75, http://ap.rdcpix.com/e81d6aeecba2ae5e70befaf1da356fecl-m56692280od-w480_h360_x2.webp?w=1080&q=75, http://ap.rdcpix.com/e81d6aeecba2ae5e70befaf1da356fecl-m3891828533od-w480_h360_x2.webp?w=1080&q=75, http://ap.rdcpix.com/e81d6aeecba2ae5e70befaf1da356fecl-m3504357474od-w480_h360_x2.webp?w=1080&q=75, http://ap.rdcpix.com/e81d6aeecba2ae5e70befaf1da356fecl-m716377970od-w480_h360_x2.webp?w=1080&q=75, http://ap.rdcpix.com/e81d6aeecba2ae5e70befaf1da356fecl-m68143739od-w480_h360_x2.webp?w=1080&q=75, http://ap.rdcpix.com/e81d6aeecba2ae5e70befaf1da356fecl-m2887773726od-w480_h360_x2.webp?w=1080&q=75, http://ap.rdcpix.com/e81d6aeecba2ae5e70befaf1da356fecl-m3388434107od-w480_h360_x2.webp?w=1080&q=75, http://ap.rdcpix.com/e81d6aeecba2ae5e70befaf1da356fecl-m576370543od-w480_h360_x2.webp?w=1080&q=75, http://ap.rdcpix.com/e81d6aeecba2ae5e70befaf1da356fecl-m848271661od-w480_h360_x2.webp?w=1080&q=75, http://ap.rdcpix.com/e81d6aeecba2ae5e70befaf1da356fecl-m3094238530od-w480_h360_x2.webp?w=1080&q=75, http://ap.rdcpix.com/e81d6aeecba2ae5e70befaf1da356fecl-m3125139526od-w480_h360_x2.webp?w=1080&q=75, http://ap.rdcpix.com/e81d6aeecba2ae5e70befaf1da356fecl-m3010783454od-w480_h360_x2.webp?w=1080&q=75, http://ap.rdcpix.com/e81d6aeecba2ae5e70befaf1da356fecl-m668880076od-w480_h360_x2.webp?w=1080&q=75, http://ap.rdcpix.com/e81d6aeecba2ae5e70befaf1da356fecl-m2879970174od-w480_h360_x2.webp?w=1080&q=75, http://ap.rdcpix.com/e81d6aeecba2ae5e70befaf1da356fecl-m3068465144od-w480_h360_x2.webp?w=1080&q=75, http://ap.rdcpix.com/e81d6aeecba2ae5e70befaf1da356fecl-m1209338044od-w480_h360_x2.webp?w=1080&q=75, http://ap.rdcpix.com/e81d6aeecba2ae5e70befaf1da356fecl-m2371436569od-w480_h360_x2.webp?w=1080&q=75, http://ap.rdcpix.com/e81d6aeecba2ae5e70befaf1da356fecl-m2337970792od-w480_h360_x2.webp?w=1080&q=75"
https://www.realtor.com/realestateandhomes-detail/2103302133,SEWA,2323005,SOLD,"Beautiful Blackburn Ridge home ready for you! This single-story home has 3 bedrooms, 1.75 baths and space for everything! Great floorplan with eat-in kitchen, dining area and two living areas. The kitchen has solid cabinets, nice appliances, and features a new dish washer and tons of storage! Large windows create bright living spaces, but the fireplace adds coziness! Other features include, but are not limited to, air conditioning, new paint, newer roof, en-suite in main bedroom, easy yard maintenance and large two car garage, additional freezer is included with sale.",SINGLE_FAMILY,1511  Sarah St,,Mount Vernon,WA,98274,3,1,,1695,1998,28,570000,2025-01-16,575000,2025-02-13,6013,339,48.404211,-122.322419,Hillcrest - Medical District,Skagit,53057,1,0,2,,,,Mount Vernon School District,http://ap.rdcpix.com/929abb8aaa0984460d0f5e8b13560cabl-m2788749262od-w480_h360_x2.webp?w=1080&q=75,"http://ap.rdcpix.com/929abb8aaa0984460d0f5e8b13560cabl-m2788749262od-w480_h360_x2.webp?w=1080&q=75, http://ap.rdcpix.com/929abb8aaa0984460d0f5e8b13560cabl-m847038047od-w480_h360_x2.webp?w=1080&q=75, http://ap.rdcpix.com/929abb8aaa0984460d0f5e8b13560cabl-m289103052od-w480_h360_x2.webp?w=1080&q=75, http://ap.rdcpix.com/929abb8aaa0984460d0f5e8b13560cabl-m3569374620od-w480_h360_x2.webp?w=1080&q=75, http://ap.rdcpix.com/929abb8aaa0984460d0f5e8b13560cabl-m3735024160od-w480_h360_x2.webp?w=1080&q=75, http://ap.rdcpix.com/929abb8aaa0984460d0f5e8b13560cabl-m1663602589od-w480_h360_x2.webp?w=1080&q=75, http://ap.rdcpix.com/929abb8aaa0984460d0f5e8b13560cabl-m2960304083od-w480_h360_x2.webp?w=1080&q=75, http://ap.rdcpix.com/929abb8aaa0984460d0f5e8b13560cabl-m1818673392od-w480_h360_x2.webp?w=1080&q=75, http://ap.rdcpix.com/929abb8aaa0984460d0f5e8b13560cabl-m2199083861od-w480_h360_x2.webp?w=1080&q=75, http://ap.rdcpix.com/929abb8aaa0984460d0f5e8b13560cabl-m2511602123od-w480_h360_x2.webp?w=1080&q=75, http://ap.rdcpix.com/929abb8aaa0984460d0f5e8b13560cabl-m3790586716od-w480_h360_x2.webp?w=1080&q=75, http://ap.rdcpix.com/929abb8aaa0984460d0f5e8b13560cabl-m4074726122od-w480_h360_x2.webp?w=1080&q=75, http://ap.rdcpix.com/929abb8aaa0984460d0f5e8b13560cabl-m3155301611od-w480_h360_x2.webp?w=1080&q=75, http://ap.rdcpix.com/929abb8aaa0984460d0f5e8b13560cabl-m1998626079od-w480_h360_x2.webp?w=1080&q=75, http://ap.rdcpix.com/929abb8aaa0984460d0f5e8b13560cabl-m402928056od-w480_h360_x2.webp?w=1080&q=75, http://ap.rdcpix.com/929abb8aaa0984460d0f5e8b13560cabl-m1849610319od-w480_h360_x2.webp?w=1080&q=75, http://ap.rdcpix.com/929abb8aaa0984460d0f5e8b13560cabl-m102177835od-w480_h360_x2.webp?w=1080&q=75, http://ap.rdcpix.com/929abb8aaa0984460d0f5e8b13560cabl-m4076308548od-w480_h360_x2.webp?w=1080&q=75, http://ap.rdcpix.com/929abb8aaa0984460d0f5e8b13560cabl-m4160899769od-w480_h360_x2.webp?w=1080&q=75, http://ap.rdcpix.com/929abb8aaa0984460d0f5e8b13560cabl-m1791872626od-w480_h360_x2.webp?w=1080&q=75, http://ap.rdcpix.com/929abb8aaa0984460d0f5e8b13560cabl-m511143319od-w480_h360_x2.webp?w=1080&q=75, http://ap.rdcpix.com/929abb8aaa0984460d0f5e8b13560cabl-m1064881219od-w480_h360_x2.webp?w=1080&q=75, http://ap.rdcpix.com/929abb8aaa0984460d0f5e8b13560cabl-m2225014356od-w480_h360_x2.webp?w=1080&q=75"
https://www.realtor.com/realestateandhomes-detail/1338537461,SEWA,2299002,SOLD,"Ask broker about $5k closing credit!! Peaceful scenery & private open space with this beautiful 9+ ac Day Creek property. Home offers desirable split floor plan, vaulted ceilings, 2 living rooms & updated kitchen w/butcher block counter tops & SS appliances. Primary suite has updated bathroom complete w/amazing steam & body spray shower/sauna! 2nd bath shared by other 2 bedrooms is also nicely updated. Step out the french doors off the kitchen to the back deck & admire the sprawling property beyond. Lightly treed acreage is mostly level or slightly sloping allowing endless possibilities for farming, gardening, recreation or simple privacy. The 20x30 shop gives covered parking or ample project space + wired for gen & nearby RV power hook up.",MOBILE,29167 S Skagit Hwy,,Sedro Woolley,WA,98284,3,2,,1539,2004,119,644950,2024-10-11,644950,2025-02-07,396396,419,48.488048,-122.111851,,Skagit,53057,1,0,4,,,,Sedro-Woolley School District,http://ap.rdcpix.com/296a980305d4829003f47e6215ba1823l-m252330652od-w480_h360_x2.webp?w=1080&q=75,"http://ap.rdcpix.com/296a980305d4829003f47e6215ba1823l-m252330652od-w480_h360_x2.webp?w=1080&q=75, http://ap.rdcpix.com/296a980305d4829003f47e6215ba1823l-m2943832051od-w480_h360_x2.webp?w=1080&q=75, http://ap.rdcpix.com/296a980305d4829003f47e6215ba1823l-m2990250621od-w480_h360_x2.webp?w=1080&q=75, http://ap.rdcpix.com/296a980305d4829003f47e6215ba1823l-m3368413816od-w480_h360_x2.webp?w=1080&q=75, http://ap.rdcpix.com/296a980305d4829003f47e6215ba1823l-m1333426456od-w480_h360_x2.webp?w=1080&q=75, http://ap.rdcpix.com/296a980305d4829003f47e6215ba1823l-m580820428od-w480_h360_x2.webp?w=1080&q=75, http://ap.rdcpix.com/296a980305d4829003f47e6215ba1823l-m1423336732od-w480_h360_x2.webp?w=1080&q=75, http://ap.rdcpix.com/296a980305d4829003f47e6215ba1823l-m3053461972od-w480_h360_x2.webp?w=1080&q=75, http://ap.rdcpix.com/296a980305d4829003f47e6215ba1823l-m3097674127od-w480_h360_x2.webp?w=1080&q=75, http://ap.rdcpix.com/296a980305d4829003f47e6215ba1823l-m2348790801od-w480_h360_x2.webp?w=1080&q=75, http://ap.rdcpix.com/296a980305d4829003f47e6215ba1823l-m2225404445od-w480_h360_x2.webp?w=1080&q=75, http://ap.rdcpix.com/296a980305d4829003f47e6215ba1823l-m2074577591od-w480_h360_x2.webp?w=1080&q=75, http://ap.rdcpix.com/296a980305d4829003f47e6215ba1823l-m507493487od-w480_h360_x2.webp?w=1080&q=75, http://ap.rdcpix.com/296a980305d4829003f47e6215ba1823l-m2834924750od-w480_h360_x2.webp?w=1080&q=75, http://ap.rdcpix.com/296a980305d4829003f47e6215ba1823l-m957307974od-w480_h360_x2.webp?w=1080&q=75, http://ap.rdcpix.com/296a980305d4829003f47e6215ba1823l-m3752758035od-w480_h360_x2.webp?w=1080&q=75, http://ap.rdcpix.com/296a980305d4829003f47e6215ba1823l-m1597699556od-w480_h360_x2.webp?w=1080&q=75, http://ap.rdcpix.com/296a980305d4829003f47e6215ba1823l-m3657754858od-w480_h360_x2.webp?w=1080&q=75, http://ap.rdcpix.com/296a980305d4829003f47e6215ba1823l-m2697165639od-w480_h360_x2.webp?w=1080&q=75, http://ap.rdcpix.com/296a980305d4829003f47e6215ba1823l-m450716923od-w480_h360_x2.webp?w=1080&q=75, http://ap.rdcpix.com/296a980305d4829003f47e6215ba1823l-m1648376783od-w480_h360_x2.webp?w=1080&q=75, http://ap.rdcpix.com/296a980305d4829003f47e6215ba1823l-m857269262od-w480_h360_x2.webp?w=1080&q=75, http://ap.rdcpix.com/296a980305d4829003f47e6215ba1823l-m898440780od-w480_h360_x2.webp?w=1080&q=75, http://ap.rdcpix.com/296a980305d4829003f47e6215ba1823l-m3889382576od-w480_h360_x2.webp?w=1080&q=75, http://ap.rdcpix.com/296a980305d4829003f47e6215ba1823l-m4268946746od-w480_h360_x2.webp?w=1080&q=75, http://ap.rdcpix.com/296a980305d4829003f47e6215ba1823l-m472535441od-w480_h360_x2.webp?w=1080&q=75, http://ap.rdcpix.com/296a980305d4829003f47e6215ba1823l-m1289248052od-w480_h360_x2.webp?w=1080&q=75, http://ap.rdcpix.com/296a980305d4829003f47e6215ba1823l-m18480905od-w480_h360_x2.webp?w=1080&q=75, http://ap.rdcpix.com/296a980305d4829003f47e6215ba1823l-m2342674842od-w480_h360_x2.webp?w=1080&q=75, http://ap.rdcpix.com/296a980305d4829003f47e6215ba1823l-m1460451497od-w480_h360_x2.webp?w=1080&q=75, http://ap.rdcpix.com/296a980305d4829003f47e6215ba1823l-m3045719983od-w480_h360_x2.webp?w=1080&q=75, http://ap.rdcpix.com/296a980305d4829003f47e6215ba1823l-m2590971098od-w480_h360_x2.webp?w=1080&q=75, http://ap.rdcpix.com/296a980305d4829003f47e6215ba1823l-m1861410393od-w480_h360_x2.webp?w=1080&q=75, http://ap.rdcpix.com/296a980305d4829003f47e6215ba1823l-m4061783314od-w480_h360_x2.webp?w=1080&q=75, http://ap.rdcpix.com/296a980305d4829003f47e6215ba1823l-m3319591566od-w480_h360_x2.webp?w=1080&q=75, http://ap.rdcpix.com/296a980305d4829003f47e6215ba1823l-m4183666544od-w480_h360_x2.webp?w=1080&q=75, http://ap.rdcpix.com/296a980305d4829003f47e6215ba1823l-m662390079od-w480_h360_x2.webp?w=1080&q=75, http://ap.rdcpix.com/296a980305d4829003f47e6215ba1823l-m3408011051od-w480_h360_x2.webp?w=1080&q=75, http://ap.rdcpix.com/296a980305d4829003f47e6215ba1823l-m2367267091od-w480_h360_x2.webp?w=1080&q=75, http://ap.rdcpix.com/296a980305d4829003f47e6215ba1823l-m668934033od-w480_h360_x2.webp?w=1080&q=75"
https://www.realtor.com/realestateandhomes-detail/1437493549,SEWA,2315515,SOLD,"Charming LOW MAINTENANCE craftsman-style home with a welcoming front porch now available in the desirable Skagit Highlands community! This beautifully designed home offers a bright, open floor plan with a kitchen featuring a breakfast barperfect for entertaining. Enjoy 3 spacious bedrooms, 2 full baths, and a 2-car garage. Soak in the stunning mountain views and take advantage of the communitys parks and nature trails. Ideally located near shopping, hospitals, schools, and restaurants, with easy access to I-5 for a smooth commute. This is more than a homeit's a lifestyle. Welcome home!",SINGLE_FAMILY,5364  Razor Peak Dr,,Mount Vernon,WA,98273,3,2,,1348,2007,57,465000,2024-12-12,465000,2025-02-07,3485,345,48.425453,-122.272507,Seneca Highlands,Skagit,53057,2,65,2,,,,"Northwest Educational Service District 189, Mount Vernon School District",http://ap.rdcpix.com/c06692eac77370a4c9fd6b1ad332eb54l-m2174299936od-w480_h360_x2.webp?w=1080&q=75,"http://ap.rdcpix.com/c06692eac77370a4c9fd6b1ad332eb54l-m2174299936od-w480_h360_x2.webp?w=1080&q=75, http://ap.rdcpix.com/c06692eac77370a4c9fd6b1ad332eb54l-m1396922793od-w480_h360_x2.webp?w=1080&q=75, http://ap.rdcpix.com/c06692eac77370a4c9fd6b1ad332eb54l-m1665459161od-w480_h360_x2.webp?w=1080&q=75, http://ap.rdcpix.com/c06692eac77370a4c9fd6b1ad332eb54l-m2114572341od-w480_h360_x2.webp?w=1080&q=75, http://ap.rdcpix.com/c06692eac77370a4c9fd6b1ad332eb54l-m4059926237od-w480_h360_x2.webp?w=1080&q=75, http://ap.rdcpix.com/c06692eac77370a4c9fd6b1ad332eb54l-m728153018od-w480_h360_x2.webp?w=1080&q=75, http://ap.rdcpix.com/c06692eac77370a4c9fd6b1ad332eb54l-m111887569od-w480_h360_x2.webp?w=1080&q=75, http://ap.rdcpix.com/c06692eac77370a4c9fd6b1ad332eb54l-m2608562558od-w480_h360_x2.webp?w=1080&q=75, http://ap.rdcpix.com/c06692eac77370a4c9fd6b1ad332eb54l-m411103999od-w480_h360_x2.webp?w=1080&q=75, http://ap.rdcpix.com/c06692eac77370a4c9fd6b1ad332eb54l-m4267972361od-w480_h360_x2.webp?w=1080&q=75, http://ap.rdcpix.com/c06692eac77370a4c9fd6b1ad332eb54l-m2502596570od-w480_h360_x2.webp?w=1080&q=75, http://ap.rdcpix.com/c06692eac77370a4c9fd6b1ad332eb54l-m2426103825od-w480_h360_x2.webp?w=1080&q=75, http://ap.rdcpix.com/c06692eac77370a4c9fd6b1ad332eb54l-m3669932604od-w480_h360_x2.webp?w=1080&q=75, http://ap.rdcpix.com/c06692eac77370a4c9fd6b1ad332eb54l-m1032845286od-w480_h360_x2.webp?w=1080&q=75, http://ap.rdcpix.com/c06692eac77370a4c9fd6b1ad332eb54l-m534127173od-w480_h360_x2.webp?w=1080&q=75, http://ap.rdcpix.com/c06692eac77370a4c9fd6b1ad332eb54l-m955740165od-w480_h360_x2.webp?w=1080&q=75, http://ap.rdcpix.com/c06692eac77370a4c9fd6b1ad332eb54l-m143924256od-w480_h360_x2.webp?w=1080&q=75, http://ap.rdcpix.com/c06692eac77370a4c9fd6b1ad332eb54l-m861993795od-w480_h360_x2.webp?w=1080&q=75, http://ap.rdcpix.com/c06692eac77370a4c9fd6b1ad332eb54l-m1520209414od-w480_h360_x2.webp?w=1080&q=75, http://ap.rdcpix.com/c06692eac77370a4c9fd6b1ad332eb54l-m1714235396od-w480_h360_x2.webp?w=1080&q=75, http://ap.rdcpix.com/c06692eac77370a4c9fd6b1ad332eb54l-m249748532od-w480_h360_x2.webp?w=1080&q=75, http://ap.rdcpix.com/c06692eac77370a4c9fd6b1ad332eb54l-m1142788313od-w480_h360_x2.webp?w=1080&q=75, http://ap.rdcpix.com/c06692eac77370a4c9fd6b1ad332eb54l-m631872595od-w480_h360_x2.webp?w=1080&q=75, http://ap.rdcpix.com/c06692eac77370a4c9fd6b1ad332eb54l-m3865702646od-w480_h360_x2.webp?w=1080&q=75, http://ap.rdcpix.com/c06692eac77370a4c9fd6b1ad332eb54l-m838970123od-w480_h360_x2.webp?w=1080&q=75, http://ap.rdcpix.com/c06692eac77370a4c9fd6b1ad332eb54l-m2321899153od-w480_h360_x2.webp?w=1080&q=75, http://ap.rdcpix.com/c06692eac77370a4c9fd6b1ad332eb54l-m671942974od-w480_h360_x2.webp?w=1080&q=75, http://ap.rdcpix.com/c06692eac77370a4c9fd6b1ad332eb54l-m3379293250od-w480_h360_x2.webp?w=1080&q=75, http://ap.rdcpix.com/c06692eac77370a4c9fd6b1ad332eb54l-m3570794775od-w480_h360_x2.webp?w=1080&q=75, http://ap.rdcpix.com/c06692eac77370a4c9fd6b1ad332eb54l-m3572305638od-w480_h360_x2.webp?w=1080&q=75, http://ap.rdcpix.com/c06692eac77370a4c9fd6b1ad332eb54l-m1620830535od-w480_h360_x2.webp?w=1080&q=75, http://ap.rdcpix.com/c06692eac77370a4c9fd6b1ad332eb54l-m3675739985od-w480_h360_x2.webp?w=1080&q=75, http://ap.rdcpix.com/c06692eac77370a4c9fd6b1ad332eb54l-m2309684596od-w480_h360_x2.webp?w=1080&q=75"
https://www.realtor.com/realestateandhomes-detail/2651089965,SEWA,2327354,SOLD,"Darling craftsman rambler in the heart of Skyline in a sought-after location. Natural light fills the spacious living room, featuring cozy fireplace & seamless flow into the dining area with an eat-at counter. The kitchen overlooks the backyard, includes brand-new fridge & plenty of storage with dining area & slider to outside patio for easy indoor-outdoor living. Primary with attached bath & 2 addtl bedrooms & full bath complete the thoughtful layout. Spacious two-car garage has extra door leading to fully fenced backyard, offering space for garden & already there ready-to-use storage shed. Generous lot provides room for RV/boat parking. Enjoy Skylines fantastic amenities, including Tugboat Park, the marina, clubhouse & nearby WA Park.",SINGLE_FAMILY,5302  Windsor St,,Anacortes,WA,98221,3,1,,1204,1981,11,595000,2025-01-30,620000,2025-02-10,8276,515,48.495235,-122.677068,Skyline,Skagit,53057,1,20,2,,,,Anacortes School District,http://ap.rdcpix.com/62e9401a304f115d0a384f1ddf0f745fl-m1896369256od-w480_h360_x2.webp?w=1080&q=75,"http://ap.rdcpix.com/62e9401a304f115d0a384f1ddf0f745fl-m1896369256od-w480_h360_x2.webp?w=1080&q=75, http://ap.rdcpix.com/62e9401a304f115d0a384f1ddf0f745fl-m3298983844od-w480_h360_x2.webp?w=1080&q=75, http://ap.rdcpix.com/62e9401a304f115d0a384f1ddf0f745fl-m2848339078od-w480_h360_x2.webp?w=1080&q=75, http://ap.rdcpix.com/62e9401a304f115d0a384f1ddf0f745fl-m323026574od-w480_h360_x2.webp?w=1080&q=75, http://ap.rdcpix.com/62e9401a304f115d0a384f1ddf0f745fl-m2007034692od-w480_h360_x2.webp?w=1080&q=75, http://ap.rdcpix.com/62e9401a304f115d0a384f1ddf0f745fl-m472243926od-w480_h360_x2.webp?w=1080&q=75, http://ap.rdcpix.com/62e9401a304f115d0a384f1ddf0f745fl-m2060123432od-w480_h360_x2.webp?w=1080&q=75, http://ap.rdcpix.com/62e9401a304f115d0a384f1ddf0f745fl-m3832906838od-w480_h360_x2.webp?w=1080&q=75, http://ap.rdcpix.com/62e9401a304f115d0a384f1ddf0f745fl-m2852202269od-w480_h360_x2.webp?w=1080&q=75, http://ap.rdcpix.com/62e9401a304f115d0a384f1ddf0f745fl-m2774466757od-w480_h360_x2.webp?w=1080&q=75, http://ap.rdcpix.com/62e9401a304f115d0a384f1ddf0f745fl-m2851819314od-w480_h360_x2.webp?w=1080&q=75, http://ap.rdcpix.com/62e9401a304f115d0a384f1ddf0f745fl-m3865599233od-w480_h360_x2.webp?w=1080&q=75, http://ap.rdcpix.com/62e9401a304f115d0a384f1ddf0f745fl-m3462626793od-w480_h360_x2.webp?w=1080&q=75, http://ap.rdcpix.com/62e9401a304f115d0a384f1ddf0f745fl-m2640292251od-w480_h360_x2.webp?w=1080&q=75, http://ap.rdcpix.com/62e9401a304f115d0a384f1ddf0f745fl-m2181163217od-w480_h360_x2.webp?w=1080&q=75, http://ap.rdcpix.com/62e9401a304f115d0a384f1ddf0f745fl-m2347016697od-w480_h360_x2.webp?w=1080&q=75, http://ap.rdcpix.com/62e9401a304f115d0a384f1ddf0f745fl-m2938799509od-w480_h360_x2.webp?w=1080&q=75, http://ap.rdcpix.com/62e9401a304f115d0a384f1ddf0f745fl-m2848033817od-w480_h360_x2.webp?w=1080&q=75, http://ap.rdcpix.com/62e9401a304f115d0a384f1ddf0f745fl-m1574207989od-w480_h360_x2.webp?w=1080&q=75, http://ap.rdcpix.com/62e9401a304f115d0a384f1ddf0f745fl-m4113070326od-w480_h360_x2.webp?w=1080&q=75, http://ap.rdcpix.com/62e9401a304f115d0a384f1ddf0f745fl-m816610959od-w480_h360_x2.webp?w=1080&q=75, http://ap.rdcpix.com/62e9401a304f115d0a384f1ddf0f745fl-m1847915600od-w480_h360_x2.webp?w=1080&q=75, http://ap.rdcpix.com/62e9401a304f115d0a384f1ddf0f745fl-m879624754od-w480_h360_x2.webp?w=1080&q=75, http://ap.rdcpix.com/62e9401a304f115d0a384f1ddf0f745fl-m1736093330od-w480_h360_x2.webp?w=1080&q=75, http://ap.rdcpix.com/62e9401a304f115d0a384f1ddf0f745fl-m2320553632od-w480_h360_x2.webp?w=1080&q=75, http://ap.rdcpix.com/62e9401a304f115d0a384f1ddf0f745fl-m3403719159od-w480_h360_x2.webp?w=1080&q=75, http://ap.rdcpix.com/62e9401a304f115d0a384f1ddf0f745fl-m1332108285od-w480_h360_x2.webp?w=1080&q=75, http://ap.rdcpix.com/62e9401a304f115d0a384f1ddf0f745fl-m3970806968od-w480_h360_x2.webp?w=1080&q=75, http://ap.rdcpix.com/62e9401a304f115d0a384f1ddf0f745fl-m699825488od-w480_h360_x2.webp?w=1080&q=75, http://ap.rdcpix.com/62e9401a304f115d0a384f1ddf0f745fl-m3168807119od-w480_h360_x2.webp?w=1080&q=75, http://ap.rdcpix.com/62e9401a304f115d0a384f1ddf0f745fl-m2924727559od-w480_h360_x2.webp?w=1080&q=75, http://ap.rdcpix.com/62e9401a304f115d0a384f1ddf0f745fl-m1934755979od-w480_h360_x2.webp?w=1080&q=75"
https://www.realtor.com/realestateandhomes-detail/1104481969,SEWA,2318693,SOLD,"Welcome to this delightful home in a highly desirable Sedro-Woolley neighborhood! This charming 3 bed, 1.75 bath residence features beautiful new LVP flooring in the living room, while the bedrooms and family room are enhanced with plush new carpet. Fresh interior paint throughout gives the home a modern and welcoming feel. The primary bedroom boasts a walk-in closet and an en-suite bathroom with a walk-in shower. Enjoy outdoor living with a fully fenced backyard and a large deck, perfect for gatherings. Plus, there's a 12x18 shop, ideal for projects or extra storage. Topping it all off is a brand-new roof for peace of mind. Come see it for yourself.",SINGLE_FAMILY,926  Presidio Pl,,Sedro Woolley,WA,98284,3,1,,1309,1996,32,515000,2025-01-06,526000,2025-02-07,8712,402,48.517511,-122.223591,Sedro - Woolley,Skagit,53057,1,29,2,,,,Sedro-Woolley School District,http://ap.rdcpix.com/7fbc93464a72ca9829f11e22c46baf88l-m4280614069od-w480_h360_x2.webp?w=1080&q=75,"http://ap.rdcpix.com/7fbc93464a72ca9829f11e22c46baf88l-m4280614069od-w480_h360_x2.webp?w=1080&q=75, http://ap.rdcpix.com/7fbc93464a72ca9829f11e22c46baf88l-m112002529od-w480_h360_x2.webp?w=1080&q=75, http://ap.rdcpix.com/7fbc93464a72ca9829f11e22c46baf88l-m754629675od-w480_h360_x2.webp?w=1080&q=75, http://ap.rdcpix.com/7fbc93464a72ca9829f11e22c46baf88l-m3280114708od-w480_h360_x2.webp?w=1080&q=75, http://ap.rdcpix.com/7fbc93464a72ca9829f11e22c46baf88l-m926082735od-w480_h360_x2.webp?w=1080&q=75, http://ap.rdcpix.com/7fbc93464a72ca9829f11e22c46baf88l-m3767541118od-w480_h360_x2.webp?w=1080&q=75, http://ap.rdcpix.com/7fbc93464a72ca9829f11e22c46baf88l-m3618303918od-w480_h360_x2.webp?w=1080&q=75, http://ap.rdcpix.com/7fbc93464a72ca9829f11e22c46baf88l-m3857457171od-w480_h360_x2.webp?w=1080&q=75, http://ap.rdcpix.com/7fbc93464a72ca9829f11e22c46baf88l-m459860160od-w480_h360_x2.webp?w=1080&q=75, http://ap.rdcpix.com/7fbc93464a72ca9829f11e22c46baf88l-m1789865229od-w480_h360_x2.webp?w=1080&q=75, http://ap.rdcpix.com/7fbc93464a72ca9829f11e22c46baf88l-m1775867617od-w480_h360_x2.webp?w=1080&q=75, http://ap.rdcpix.com/7fbc93464a72ca9829f11e22c46baf88l-m2443760418od-w480_h360_x2.webp?w=1080&q=75, http://ap.rdcpix.com/7fbc93464a72ca9829f11e22c46baf88l-m867410543od-w480_h360_x2.webp?w=1080&q=75, http://ap.rdcpix.com/7fbc93464a72ca9829f11e22c46baf88l-m3773127699od-w480_h360_x2.webp?w=1080&q=75, http://ap.rdcpix.com/7fbc93464a72ca9829f11e22c46baf88l-m659464485od-w480_h360_x2.webp?w=1080&q=75, http://ap.rdcpix.com/7fbc93464a72ca9829f11e22c46baf88l-m936167041od-w480_h360_x2.webp?w=1080&q=75, http://ap.rdcpix.com/7fbc93464a72ca9829f11e22c46baf88l-m1267759423od-w480_h360_x2.webp?w=1080&q=75, http://ap.rdcpix.com/7fbc93464a72ca9829f11e22c46baf88l-m244099510od-w480_h360_x2.webp?w=1080&q=75, http://ap.rdcpix.com/7fbc93464a72ca9829f11e22c46baf88l-m1353232706od-w480_h360_x2.webp?w=1080&q=75, http://ap.rdcpix.com/7fbc93464a72ca9829f11e22c46baf88l-m311792276od-w480_h360_x2.webp?w=1080&q=75, http://ap.rdcpix.com/7fbc93464a72ca9829f11e22c46baf88l-m1130402700od-w480_h360_x2.webp?w=1080&q=75, http://ap.rdcpix.com/7fbc93464a72ca9829f11e22c46baf88l-m3806971221od-w480_h360_x2.webp?w=1080&q=75, http://ap.rdcpix.com/7fbc93464a72ca9829f11e22c46baf88l-m3143557060od-w480_h360_x2.webp?w=1080&q=75, http://ap.rdcpix.com/7fbc93464a72ca9829f11e22c46baf88l-m918019227od-w480_h360_x2.webp?w=1080&q=75, http://ap.rdcpix.com/7fbc93464a72ca9829f11e22c46baf88l-m1397382386od-w480_h360_x2.webp?w=1080&q=75, http://ap.rdcpix.com/7fbc93464a72ca9829f11e22c46baf88l-m2718427650od-w480_h360_x2.webp?w=1080&q=75, http://ap.rdcpix.com/7fbc93464a72ca9829f11e22c46baf88l-m1229280345od-w480_h360_x2.webp?w=1080&q=75, http://ap.rdcpix.com/7fbc93464a72ca9829f11e22c46baf88l-m3309499126od-w480_h360_x2.webp?w=1080&q=75, http://ap.rdcpix.com/7fbc93464a72ca9829f11e22c46baf88l-m2892147904od-w480_h360_x2.webp?w=1080&q=75, http://ap.rdcpix.com/7fbc93464a72ca9829f11e22c46baf88l-m97070308od-w480_h360_x2.webp?w=1080&q=75, http://ap.rdcpix.com/7fbc93464a72ca9829f11e22c46baf88l-m3922332603od-w480_h360_x2.webp?w=1080&q=75, http://ap.rdcpix.com/7fbc93464a72ca9829f11e22c46baf88l-m1684305449od-w480_h360_x2.webp?w=1080&q=75, http://ap.rdcpix.com/7fbc93464a72ca9829f11e22c46baf88l-m2013530387od-w480_h360_x2.webp?w=1080&q=75, http://ap.rdcpix.com/7fbc93464a72ca9829f11e22c46baf88l-m3717996009od-w480_h360_x2.webp?w=1080&q=75, http://ap.rdcpix.com/7fbc93464a72ca9829f11e22c46baf88l-m2950627197od-w480_h360_x2.webp?w=1080&q=75, http://ap.rdcpix.com/7fbc93464a72ca9829f11e22c46baf88l-m299247675od-w480_h360_x2.webp?w=1080&q=75"
https://www.realtor.com/realestateandhomes-detail/1534877711,SEWA,2300852,SOLD,"Welcome to this well maintained, charming home in the heart of Sedro-Woolley. It is within walking distance to Janicki Feilds and a few minutes' drive to 1-5 for the commute. This would be your perfect starter home. Newly updated features to include new vinyl flooring, fresh indoor paint and new gas stove that was installed a couple years ago for efficient heat. Property also boasts a nicely landscaped fully fenced yard which is perfect for pets. The back space of the property has a nicely built deck and is completely private. There is also a small storage shed for that anything extra. Don't miss out on this great opportunity.",SINGLE_FAMILY,895  Cook Rd,,Sedro Woolley,WA,98284,2,1,,900,1920,119,355000,2024-10-11,355000,2025-02-07,3920,394,48.50758,-122.255035,Sedro - Woolley,Skagit,53057,1,0,,,,,Sedro-Woolley School District,http://ap.rdcpix.com/446c7de52db6c88cc491e4a971418c7fl-m3031853147od-w480_h360_x2.webp?w=1080&q=75,"http://ap.rdcpix.com/446c7de52db6c88cc491e4a971418c7fl-m3031853147od-w480_h360_x2.webp?w=1080&q=75, http://ap.rdcpix.com/446c7de52db6c88cc491e4a971418c7fl-m4154367015od-w480_h360_x2.webp?w=1080&q=75, http://ap.rdcpix.com/446c7de52db6c88cc491e4a971418c7fl-m3642443214od-w480_h360_x2.webp?w=1080&q=75, http://ap.rdcpix.com/446c7de52db6c88cc491e4a971418c7fl-m1570999087od-w480_h360_x2.webp?w=1080&q=75, http://ap.rdcpix.com/446c7de52db6c88cc491e4a971418c7fl-m2755257783od-w480_h360_x2.webp?w=1080&q=75, http://ap.rdcpix.com/446c7de52db6c88cc491e4a971418c7fl-m2026300659od-w480_h360_x2.webp?w=1080&q=75, http://ap.rdcpix.com/446c7de52db6c88cc491e4a971418c7fl-m1541693340od-w480_h360_x2.webp?w=1080&q=75, http://ap.rdcpix.com/446c7de52db6c88cc491e4a971418c7fl-m1380319207od-w480_h360_x2.webp?w=1080&q=75, http://ap.rdcpix.com/446c7de52db6c88cc491e4a971418c7fl-m2272817165od-w480_h360_x2.webp?w=1080&q=75, http://ap.rdcpix.com/446c7de52db6c88cc491e4a971418c7fl-m4067897982od-w480_h360_x2.webp?w=1080&q=75, http://ap.rdcpix.com/446c7de52db6c88cc491e4a971418c7fl-m2996551801od-w480_h360_x2.webp?w=1080&q=75, http://ap.rdcpix.com/446c7de52db6c88cc491e4a971418c7fl-m1914772108od-w480_h360_x2.webp?w=1080&q=75, http://ap.rdcpix.com/446c7de52db6c88cc491e4a971418c7fl-m2561697356od-w480_h360_x2.webp?w=1080&q=75, http://ap.rdcpix.com/446c7de52db6c88cc491e4a971418c7fl-m3836208708od-w480_h360_x2.webp?w=1080&q=75, http://ap.rdcpix.com/446c7de52db6c88cc491e4a971418c7fl-m2763173058od-w480_h360_x2.webp?w=1080&q=75, http://ap.rdcpix.com/446c7de52db6c88cc491e4a971418c7fl-m2484538927od-w480_h360_x2.webp?w=1080&q=75, http://ap.rdcpix.com/446c7de52db6c88cc491e4a971418c7fl-m4098292758od-w480_h360_x2.webp?w=1080&q=75, http://ap.rdcpix.com/446c7de52db6c88cc491e4a971418c7fl-m4098292758od-w480_h360_x2.webp?w=1080&q=75"
https://www.realtor.com/realestateandhomes-detail/2596826381,SEWA,2325674,SOLD,"This cozy, newly built home boasts 3 bedrooms, 1.75 baths, and an abundance of natural light. Enjoy vaulted ceilings, a primary bedroom with a walk-in closet and walk-in shower, and heated tile floors in both bathrooms. Outside, you'll find fresh landscaping, a lighted walkway, a covered porch, and a carport/shed with power and covered parking. Ideally located just a short walk from downtown, schools, Riverfront Park, and other local amenities. Move-in readyschedule a showing today!",SINGLE_FAMILY,711  Alexander St,,Sedro Woolley,WA,98284,3,1,,1083,2025,15,499000,2025-01-23,505000,2025-02-07,4792,466,48.495901,-122.229135,Sedro - Woolley,Skagit,53057,1,0,,,,,Sedro-Woolley School District,http://ap.rdcpix.com/41f5b4dcf862658a6951e17b65460b9el-m1198095994od-w480_h360_x2.webp?w=1080&q=75,"http://ap.rdcpix.com/41f5b4dcf862658a6951e17b65460b9el-m1198095994od-w480_h360_x2.webp?w=1080&q=75, http://ap.rdcpix.com/41f5b4dcf862658a6951e17b65460b9el-m3478385033od-w480_h360_x2.webp?w=1080&q=75, http://ap.rdcpix.com/41f5b4dcf862658a6951e17b65460b9el-m3797173872od-w480_h360_x2.webp?w=1080&q=75, http://ap.rdcpix.com/41f5b4dcf862658a6951e17b65460b9el-m1747956645od-w480_h360_x2.webp?w=1080&q=75, http://ap.rdcpix.com/41f5b4dcf862658a6951e17b65460b9el-m79948148od-w480_h360_x2.webp?w=1080&q=75, http://ap.rdcpix.com/41f5b4dcf862658a6951e17b65460b9el-m2887915337od-w480_h360_x2.webp?w=1080&q=75, http://ap.rdcpix.com/41f5b4dcf862658a6951e17b65460b9el-m1693618722od-w480_h360_x2.webp?w=1080&q=75, http://ap.rdcpix.com/41f5b4dcf862658a6951e17b65460b9el-m1866972842od-w480_h360_x2.webp?w=1080&q=75, http://ap.rdcpix.com/41f5b4dcf862658a6951e17b65460b9el-m213740526od-w480_h360_x2.webp?w=1080&q=75, http://ap.rdcpix.com/41f5b4dcf862658a6951e17b65460b9el-m2822114774od-w480_h360_x2.webp?w=1080&q=75, http://ap.rdcpix.com/41f5b4dcf862658a6951e17b65460b9el-m769456391od-w480_h360_x2.webp?w=1080&q=75, http://ap.rdcpix.com/41f5b4dcf862658a6951e17b65460b9el-m1855634882od-w480_h360_x2.webp?w=1080&q=75, http://ap.rdcpix.com/41f5b4dcf862658a6951e17b65460b9el-m3481453276od-w480_h360_x2.webp?w=1080&q=75, http://ap.rdcpix.com/41f5b4dcf862658a6951e17b65460b9el-m1283108708od-w480_h360_x2.webp?w=1080&q=75, http://ap.rdcpix.com/41f5b4dcf862658a6951e17b65460b9el-m2101915900od-w480_h360_x2.webp?w=1080&q=75, http://ap.rdcpix.com/41f5b4dcf862658a6951e17b65460b9el-m3731450047od-w480_h360_x2.webp?w=1080&q=75, http://ap.rdcpix.com/41f5b4dcf862658a6951e17b65460b9el-m800774688od-w480_h360_x2.webp?w=1080&q=75, http://ap.rdcpix.com/41f5b4dcf862658a6951e17b65460b9el-m3448477298od-w480_h360_x2.webp?w=1080&q=75, http://ap.rdcpix.com/41f5b4dcf862658a6951e17b65460b9el-m2927899085od-w480_h360_x2.webp?w=1080&q=75, http://ap.rdcpix.com/41f5b4dcf862658a6951e17b65460b9el-m529681968od-w480_h360_x2.webp?w=1080&q=75, http://ap.rdcpix.com/41f5b4dcf862658a6951e17b65460b9el-m1991652453od-w480_h360_x2.webp?w=1080&q=75, http://ap.rdcpix.com/41f5b4dcf862658a6951e17b65460b9el-m4142206787od-w480_h360_x2.webp?w=1080&q=75, http://ap.rdcpix.com/41f5b4dcf862658a6951e17b65460b9el-m3166687661od-w480_h360_x2.webp?w=1080&q=75, http://ap.rdcpix.com/41f5b4dcf862658a6951e17b65460b9el-m1496642780od-w480_h360_x2.webp?w=1080&q=75, http://ap.rdcpix.com/41f5b4dcf862658a6951e17b65460b9el-m3178033706od-w480_h360_x2.webp?w=1080&q=75, http://ap.rdcpix.com/41f5b4dcf862658a6951e17b65460b9el-m1285403814od-w480_h360_x2.webp?w=1080&q=75, http://ap.rdcpix.com/41f5b4dcf862658a6951e17b65460b9el-m2808759899od-w480_h360_x2.webp?w=1080&q=75, http://ap.rdcpix.com/41f5b4dcf862658a6951e17b65460b9el-m596674363od-w480_h360_x2.webp?w=1080&q=75, http://ap.rdcpix.com/41f5b4dcf862658a6951e17b65460b9el-m2874022529od-w480_h360_x2.webp?w=1080&q=75, http://ap.rdcpix.com/41f5b4dcf862658a6951e17b65460b9el-m510277275od-w480_h360_x2.webp?w=1080&q=75"
https://www.realtor.com/realestateandhomes-detail/2240795057,SEWA,2319012,SOLD,"Pristine 3 bed, 2 bath home with solid hardwoods throughout in the active Skagit Highlands community, just minutes from shopping, local hospitals & filled with parks and walking trails. This home features an open-concept kitchen and living room with a secondary larger living room at the front of the house. Plenty of new hidden upgrades such as furnace and AC which are under warranty until 2031, & a new walk-in shower in the master bath. The unique ADA compliant layout ensures everything is close, wide doorways, hallways and even a ramp out into the backyard. The private master suite is at the rear of the home with views out to a wooded & fenced backyard. The squirrels are free. Tandem 2-car garage & driveway parking for 2 more cars.",SINGLE_FAMILY,4636  Hidden Lake Loop,,Mount Vernon,WA,98273,3,1,,1680,2005,36,500000,2025-01-02,515000,2025-02-07,6534,307,48.426713,-122.279438,Seneca Highlands,Skagit,53057,1,64,2,,,,"Northwest Educational Service District 189, Mount Vernon School District",http://ap.rdcpix.com/2d5999e5b929d5a49e07c4e244d93edel-m1550424140od-w480_h360_x2.webp?w=1080&q=75,"http://ap.rdcpix.com/2d5999e5b929d5a49e07c4e244d93edel-m1550424140od-w480_h360_x2.webp?w=1080&q=75, http://ap.rdcpix.com/2d5999e5b929d5a49e07c4e244d93edel-m4268406205od-w480_h360_x2.webp?w=1080&q=75, http://ap.rdcpix.com/2d5999e5b929d5a49e07c4e244d93edel-m661569087od-w480_h360_x2.webp?w=1080&q=75, http://ap.rdcpix.com/2d5999e5b929d5a49e07c4e244d93edel-m3114927440od-w480_h360_x2.webp?w=1080&q=75, http://ap.rdcpix.com/2d5999e5b929d5a49e07c4e244d93edel-m147355292od-w480_h360_x2.webp?w=1080&q=75, http://ap.rdcpix.com/2d5999e5b929d5a49e07c4e244d93edel-m3704712110od-w480_h360_x2.webp?w=1080&q=75, http://ap.rdcpix.com/2d5999e5b929d5a49e07c4e244d93edel-m4290190953od-w480_h360_x2.webp?w=1080&q=75, http://ap.rdcpix.com/2d5999e5b929d5a49e07c4e244d93edel-m747948053od-w480_h360_x2.webp?w=1080&q=75, http://ap.rdcpix.com/2d5999e5b929d5a49e07c4e244d93edel-m3615699194od-w480_h360_x2.webp?w=1080&q=75, http://ap.rdcpix.com/2d5999e5b929d5a49e07c4e244d93edel-m3557414761od-w480_h360_x2.webp?w=1080&q=75, http://ap.rdcpix.com/2d5999e5b929d5a49e07c4e244d93edel-m3130450862od-w480_h360_x2.webp?w=1080&q=75, http://ap.rdcpix.com/2d5999e5b929d5a49e07c4e244d93edel-m705960554od-w480_h360_x2.webp?w=1080&q=75, http://ap.rdcpix.com/2d5999e5b929d5a49e07c4e244d93edel-m3455183061od-w480_h360_x2.webp?w=1080&q=75, http://ap.rdcpix.com/2d5999e5b929d5a49e07c4e244d93edel-m2458417053od-w480_h360_x2.webp?w=1080&q=75, http://ap.rdcpix.com/2d5999e5b929d5a49e07c4e244d93edel-m1024213045od-w480_h360_x2.webp?w=1080&q=75, http://ap.rdcpix.com/2d5999e5b929d5a49e07c4e244d93edel-m487917698od-w480_h360_x2.webp?w=1080&q=75, http://ap.rdcpix.com/2d5999e5b929d5a49e07c4e244d93edel-m4273971617od-w480_h360_x2.webp?w=1080&q=75, http://ap.rdcpix.com/2d5999e5b929d5a49e07c4e244d93edel-m793334722od-w480_h360_x2.webp?w=1080&q=75, http://ap.rdcpix.com/2d5999e5b929d5a49e07c4e244d93edel-m1819110942od-w480_h360_x2.webp?w=1080&q=75, http://ap.rdcpix.com/2d5999e5b929d5a49e07c4e244d93edel-m1506746158od-w480_h360_x2.webp?w=1080&q=75, http://ap.rdcpix.com/2d5999e5b929d5a49e07c4e244d93edel-m2909381553od-w480_h360_x2.webp?w=1080&q=75, http://ap.rdcpix.com/2d5999e5b929d5a49e07c4e244d93edel-m179126476od-w480_h360_x2.webp?w=1080&q=75, http://ap.rdcpix.com/2d5999e5b929d5a49e07c4e244d93edel-m2340557389od-w480_h360_x2.webp?w=1080&q=75, http://ap.rdcpix.com/2d5999e5b929d5a49e07c4e244d93edel-m4259388041od-w480_h360_x2.webp?w=1080&q=75, http://ap.rdcpix.com/2d5999e5b929d5a49e07c4e244d93edel-m1310548289od-w480_h360_x2.webp?w=1080&q=75, http://ap.rdcpix.com/2d5999e5b929d5a49e07c4e244d93edel-m4104972530od-w480_h360_x2.webp?w=1080&q=75, http://ap.rdcpix.com/2d5999e5b929d5a49e07c4e244d93edel-m775010146od-w480_h360_x2.webp?w=1080&q=75, http://ap.rdcpix.com/2d5999e5b929d5a49e07c4e244d93edel-m2880182509od-w480_h360_x2.webp?w=1080&q=75, http://ap.rdcpix.com/2d5999e5b929d5a49e07c4e244d93edel-m2021787872od-w480_h360_x2.webp?w=1080&q=75, http://ap.rdcpix.com/2d5999e5b929d5a49e07c4e244d93edel-m755583517od-w480_h360_x2.webp?w=1080&q=75, http://ap.rdcpix.com/2d5999e5b929d5a49e07c4e244d93edel-m3366952597od-w480_h360_x2.webp?w=1080&q=75, http://ap.rdcpix.com/2d5999e5b929d5a49e07c4e244d93edel-m4121367944od-w480_h360_x2.webp?w=1080&q=75, http://ap.rdcpix.com/2d5999e5b929d5a49e07c4e244d93edel-m3607078476od-w480_h360_x2.webp?w=1080&q=75, http://ap.rdcpix.com/2d5999e5b929d5a49e07c4e244d93edel-m986495790od-w480_h360_x2.webp?w=1080&q=75, http://ap.rdcpix.com/2d5999e5b929d5a49e07c4e244d93edel-m1065052868od-w480_h360_x2.webp?w=1080&q=75, http://ap.rdcpix.com/2d5999e5b929d5a49e07c4e244d93edel-m1296024917od-w480_h360_x2.webp?w=1080&q=75, http://ap.rdcpix.com/2d5999e5b929d5a49e07c4e244d93edel-m3544013217od-w480_h360_x2.webp?w=1080&q=75"
